,precision,recall,f1-score,support
Anthracnose,0.9375,1.0,0.967741935483871,15.0
Bacterial Blight,1.0,1.0,1.0,16.0
Citrus Canker,1.0,0.9230769230769231,0.96,26.0
Curl Virus,0.7272727272727273,0.8888888888888888,0.8,18.0
Deficiency Leaf,0.9642857142857143,0.9310344827586207,0.9473684210526315,29.0
Dry Leaf,1.0,0.7857142857142857,0.88,28.0
Healthy Leaf,1.0,0.6774193548387096,0.8076923076923077,31.0
Sooty Mould,0.7666666666666667,1.0,0.8679245283018868,23.0
Spider Mites,0.68,1.0,0.8095238095238095,17.0
Witch's Broom,1.0,0.990909090909091,0.9954337899543378,110.0
accuracy,0.9265175718849841,0.9265175718849841,0.9265175718849841,0.9265175718849841
macro avg,0.9075725108225109,0.9197043026186519,0.9035684792008846,313.0
weighted avg,0.9434857129026459,0.9265175718849841,0.9273168069938378,313.0
